{"avg_engagement": 0.4324605166912079, "wpm": 14.998214498274017, "fillers": 0, "confidence": 46.032381892204285, "session_duration": "00:22"}